creator_id,creator_name,player_id,player_tag,country,country_iso2,twitter,youtube,twitch,tiktok,instagram
c000232,Berat Ali Yılmaz,18129,8VYRP2P0,Turkey,TR,,https://www.youtube.com/channel/UC8tsP8ng94HyawPtKPjOgPw,https://www.twitch.tv/berataliyilmaz,,https://www.instagram.com/berataliyt/
c000235,Cesar-ELQ,18096,9CU8VC09V,El Salvador,SV,https://twitter.com/CesarELQ,https://www.youtube.com/channel/UCgIo92VSfN3uiedIf5SeMTQ,,https://www.tiktok.com/@cesarelq,
c000243,Crusher 21,18093,98RCGL8U,United Kingdom,UK,https://twitter.com/Crusher21_real,https://www.youtube.com/channel/UCoeu6do5WPyhKYkwGk83pVg,,https://www.tiktok.com/@crusher21__,https://www.instagram.com/crusher21_/
c000252,Dofla,21203,U8VPCV28,Italy,IT,https://twitter.com/PiratiR,https://www.youtube.com/channel/UC5k3iqz1nb1-PUz_vvAB0DQ,https://www.twitch.tv/dofla_89,https://www.tiktok.com/@dofla_89,
c000262,Fibii,21206,G9LGUGQPC,Germany,DE,https://twitter.com/xFibii,https://www.youtube.com/channel/UCx1_fN0iR1IIpNdAOnVKWAA,https://www.twitch.tv/xfibii,https://www.tiktok.com/@xfiibii,
c000271,Gemma,17074,GVPQGLPRU,Spain,ES,https://twitter.com/gema327,https://www.youtube.com/channel/UC85DAckqf6ciUKuEZmvk9iQ,https://www.twitch.tv/gemita,https://www.tiktok.com/@g3mita,
c000312,Marco Togni,18937,880RJ0GRP,Italy,IT,https://twitter.com/MarcoTogni,https://www.youtube.com/channel/UCYUYZ58p2GiMHGgfeiouPGg,,,
c000348,Steyb,18120,2RUGPUVUR,Spain,ES,https://twitter.com/Steyb_,https://www.youtube.com/channel/UChHd6081N_U8O4KmNawF-5A,https://www.twitch.tv/steyb,https://www.tiktok.com/@steyb,
c000350,Tarifa,18971,2QJJP9P9,Spain,ES,https://twitter.com/bytarifa,https://www.youtube.com/channel/UCbiqjDZeuczOizyzJ4Sp8fQ,https://www.twitch.tv/bytarifaaa,,
c000357,Tuberanza,18956,YPPR88GJ,Italy,IT,https://twitter.com/Tuberanza,https://www.youtube.com/channel/UCZ-9wXM4m_oAJ0W9Iiw1bHg,https://www.twitch.tv/tuberanza,https://www.tiktok.com/@tuberanza,
c000359,Vanco Vanco,18101,8UYQP0QP,Russia,RU,,https://www.youtube.com/channel/UCcSeRO05Ju8vkkuWpV9Lrmw,https://www.twitch.tv/vanco_youtube,https://www.tiktok.com/@anton_vanco,https://www.instagram.com/anton_vanco/
c000361,Vicens,17298,PRQQL9G0J,Spain,ES,https://twitter.com/ItsVicens,https://www.youtube.com/channel/UCpWSb3a5cN3-JmOeouIx44A,https://www.twitch.tv/vicens,https://www.tiktok.com/@vicens.official,
c000365,xQc,18429,CLGJCL0Y0,Canada,US,https://twitter.com/xQc,https://www.youtube.com/channel/UCmDTrq0LNgPodDOFZiSbsww,https://www.twitch.tv/xqc,,
c000371,Zerbiian,18961,RP9V9QL29,Italy,IT,,https://www.youtube.com/channel/UCDRYArdmlYH9g3k89jxKYMA,,https://www.tiktok.com/@zerbiian_,
c000404,Nickatnyte,353,YRRG,United States,US,https://twitter.com/nicolenyte,https://www.youtube.com/channel/UCMxYQX1zaepCgmiSmwbT39w,https://www.twitch.tv/nicolenyte,https://www.tiktok.com/@nicolenyte,https://www.instagram.com/nicole.nyte/
c000462,Clashing Adda,21596,92J89U0R,India,IN,https://twitter.com/bappa7mukherjee,https://www.youtube.com/channel/UC5gd4f2rw19A0jx_QPwDaBQ,,https://www.tiktok.com/@clashingadda777,https://www.instagram.com/sourav_techadda/
c000509,Gustovow,19002,22V2U90,Brazil,BR,https://twitter.com/GustovowOficial,https://www.youtube.com/channel/UCOSJXTK9ouCv8IVBIi3_6Jw,https://www.twitch.tv/gustovow,,https://www.instagram.com/gustovowoficial/
c000532,Kazuosan,18769,GQCJ2P,Italy,IT,,https://www.youtube.com/channel/UC3kwjdglymIyQF2AY783KOw,,https://www.tiktok.com/@kazuosan_real,
c000540,LAZ,18980,CJ8GPYPVU,Turkey,TR,https://twitter.com/ben_lazali,https://www.youtube.com/channel/UCPi5_vaSYsN_-sgtcvIjARQ,,https://www.tiktok.com/@ben.lazali,https://www.instagram.com/ben.lazali/
c000545,LordSacram,18856,2RYUQV8J8,Spain,ES,https://twitter.com/LordSacram,https://www.youtube.com/channel/UC8ovBDxitbagrpsLUFI5Bjg,https://www.twitch.tv/lordsacram,https://www.tiktok.com/@lordsacram,https://www.instagram.com/tejeiromanu/
c000556,Molizane,19228,P00V92Y9,Brazil,BR,https://twitter.com/VictorMolizane,https://www.youtube.com/channel/UCAai7LiHuxlvXHLAdLMAGjQ,,,https://www.instagram.com/victormolizane/
c001219,Abeel,21418,P9U0YLCJ,Spain,ES,https://twitter.com/byAbeeL,https://www.youtube.com/channel/UCLmXbAhDd2-CujWuHuWXdvQ,https://www.twitch.tv/byabeel,,
c001221,Agustin51,17299,YY028GY80,Spain,ES,https://twitter.com/ImAgus51,https://www.youtube.com/channel/UC1Bb0DVSgXLKuLbenbpkb8g,,,
c001224,Aldo Geo,20948,CP9RQ0GG,Mexico,MX,https://twitter.com/aldogeotv,https://www.youtube.com/channel/UCN5-GZpwKi8ISEt2eBoznpw,https://www.twitch.tv/aldo_geo,https://www.tiktok.com/@aldo_geo,
c001225,Alecmolon,18973,Q2JGUPRCJ,Spain,ES,https://twitter.com/AlecHernandezC,https://www.youtube.com/channel/UCrYJpl5oC2ItVLPub5LVpWw,https://www.twitch.tv/alecmolonvfx,,
c001228,Ander Cortés,17300,8YYJYR8YL,Spain,ES,https://twitter.com/andercortes,https://www.youtube.com/channel/UCi2DfyieDCV-c5bkrvCRSog,https://www.twitch.tv/tvander,,
c001230,Antrax,17075,20QG9YJ,Mexico,MX,https://twitter.com/YoSoyAntrax,https://www.youtube.com/channel/UCNbwP-bKUlKrE_5qDwvFILQ,https://www.twitch.tv/antrax,https://www.tiktok.com/@antrax_official,https://www.instagram.com/yosoyantrax/
c001235,Auronplay,17296,JV0V80UV,Spain,ES,https://twitter.com/auronplay,https://www.youtube.com/channel/UCFR2oaNj02WnXkOgLH0iqOA,https://www.twitch.tv/auronplay,https://www.tiktok.com/@auronplay,
c001241,BarcaGamer,17078,8RRLUVQ,Mexico,MX,https://twitter.com/barcagameryt,https://www.youtube.com/channel/UC3KexRKy5EIy6vp5AWNBjXQ,https://www.twitch.tv/barcagamer,https://www.tiktok.com/@barcagamer,
c001242,Barış Bra,18916,8P22V9RC,Turkey,TR,https://twitter.com/BARISBRA,https://www.youtube.com/channel/UCboQK2pH3xWakPOJv91RbOA,https://www.twitch.tv/bbra,https://www.tiktok.com/@barisbra,
c001243,Bateson87,21433,8U2VJV9J,United Kingdom,UK,https://twitter.com/bateson87,https://www.youtube.com/channel/UCJ47W_WzuzbHaONWB5a9i7w,https://www.twitch.tv/bateson87,https://www.tiktok.com/@bateson87,
c001246,BBXH,1799,8JPLUV0U,United States,US,https://twitter.com/bbxh_twitch,https://www.youtube.com/channel/UCnRiQ8RUi5gGe9D3s2xG0SQ,https://www.twitch.tv/bbxh,https://www.tiktok.com/@bb_xh,
c001247,Betra,17480,G89GRQJQ,Argentina,AR,https://twitter.com/FranCiancioci,https://www.youtube.com/channel/UCc6QUfyoELagptqx3vIJuVw,https://www.twitch.tv/betra,https://www.tiktok.com/@franciancioci,
c001248,Biffle,20993,V9YPU9R89,United States,US,https://twitter.com/AustinDrippon,https://www.youtube.com/channel/UCAv5r1wyqwU-imDLmvLo6Ew,https://www.twitch.tv/biffletv,https://www.tiktok.com/@bifflewiffle,
c001249,Biyín,17301,8JJGPCPY9,Spain,ES,https://twitter.com/_biyin_,https://www.youtube.com/channel/UC4oYV_hjH0XhMl7thB_jZhQ,https://www.twitch.tv/biyin_,https://www.tiktok.com/@biyin,
c001251,ByMaxx,21514,YY92QU,Spain,ES,https://twitter.com/ByMaxx,https://www.youtube.com/channel/UCX4_neTqzb70JUh93Dony-A,,,
c001252,Caprimint,17478,U9L9ULRJJ,Chile,CL,https://twitter.com/Caprimint,https://www.youtube.com/channel/UCzZNDRewogjBnf-0JclPVTA,https://www.twitch.tv/Caprimint,https://www.tiktok.com/@caprimint,
c001258,Chigre,21439,9CG2GYY2,Spain,ES,https://twitter.com/cristianchigre,https://www.youtube.com/channel/UCbvHwCEp23losiBCVQwRVVA,https://www.twitch.tv/chigre,,
c001262,Clash with Cam,357,PRGG29,United States,US,https://twitter.com/dangiebrochris,https://www.youtube.com/channel/UCT2x1vuvgYdhk-kQdlzn6yA,,,
c001265,Cossi,18123,GCG9JRUCU,France,FR,,https://www.youtube.com/channel/UCzQHmV0xBte_ll7oNrFpQeA,https://www.twitch.tv/cossi_twitch,https://www.tiktok.com/@cossi_tiktok,
c001268,Cristinini,18974,2CG0JPCC0,Spain,ES,https://twitter.com/IamCristinini,https://www.youtube.com/channel/UCCuNpAi5cNF4x-hcW2qawhw,https://www.twitch.tv/iamcristinini,https://www.tiktok.com/@iamcristinini,https://www.instagram.com/iamcristinini/
c001271,Danizfx,18982,JQJLLPC9Q,Spain,ES,https://twitter.com/danizvfx,https://www.youtube.com/channel/UCd_0fe6mA1wgNpqzUKlxtIQ,https://www.twitch.tv/danizvfx,,
c001274,Ded,17076,LGQ2UJRV,Mexico,MX,https://twitter.com/dedreviil,https://www.youtube.com/channel/UCjmHiHCOYEUNMdJujiBQOqQ,https://www.twitch.tv/elded,,
c001276,DjMaRiiO,17302,LRJP8UPQ,Spain,ES,https://twitter.com/DjMaRiiO,https://www.youtube.com/channel/UCi7TVXyvrIwqeS9tfYD8UDA,https://www.twitch.tv/djmariio,https://www.tiktok.com/@djmariio,
c001278,Doigby,21383,Q209GGPP,France,FR,https://twitter.com/Doigby,https://www.youtube.com/channel/UCen9TDD6K1ZVW44unAGxtOw,https://www.twitch.tv/doigby,https://www.tiktok.com/@doigby_,
c001279,Domingo,17358,9UP2LLP,France,FR,https://twitter.com/Domingo,https://www.youtube.com/channel/UCRCMNm2I4tM4BTmNSboc4QA,https://www.twitch.tv/domingo,https://www.tiktok.com/@domingo,https://www.instagram.com/pa.domingo/
c001282,Eclipse,18920,8RJYUP,United States,US,https://twitter.com/anthonyeclipse,https://www.youtube.com/channel/UCLAOdac7WmMXQKhOP-8lmrQ,,,https://www.instagram.com/anthonyeclipse/
c001287,El Chicha,21515,89P9GQY,Spain,ES,https://twitter.com/ElChichaYoutube,https://www.youtube.com/channel/UCBGhT2l6yTmymwZKd6guutw,https://www.twitch.tv/elchicha,,
c001288,El Mariana,17297,CV0CV2RCR,Mexico,MX,https://twitter.com/elmarianaa,https://www.youtube.com/channel/UC52YgT6TITyBpck82V_N_8g,https://www.twitch.tv/elmariana,https://www.tiktok.com/@elmarianaa,
c001291,Enes Batur,18988,QCLGRGRJ,Turkey,TR,https://twitter.com/enesbatur00,https://www.youtube.com/channel/UCG0HA4uyuuzPzeq_US_ywVg,,,
c001295,FarsAttack,21449,9RPG9RYQ,Switzerland,CH,https://twitter.com/FarsAttack,https://www.youtube.com/channel/UC-iNzkiXFbRr_l-lq9MVy7w,https://www.twitch.tv/farsattack,,
c001296,Fernanfloo,17303,8YQU0GCPC,El Salvador,SV,https://twitter.com/Fernanfloo,https://www.youtube.com/channel/UCV4xOVpbcV8SdueDCOxLXtQ,https://www.twitch.tv/fernanfloo,https://www.tiktok.com/@fernanfloo,
c001297,FiFqo,18926,9Y99C9,Slovakia,SK,,https://www.youtube.com/channel/UCgfhZNT4T6YiT28c7DLEzAw,https://www.twitch.tv/fifqo,,
c001298,Flakes,21513,CVY98,Brazil,BR,https://twitter.com/flakespower,https://www.youtube.com/channel/UC0bC92gFO25qcJcECTQNN_A,https://www.twitch.tv/flakespower,https://www.tiktok.com/@flakespower0000,
c001300,FlexVega,20959,CYU09LJGG,Colombia,CO,https://twitter.com/FlexVegaYT,https://www.youtube.com/channel/UCzzJ6gx-RPibuPbTCyHy51w,https://www.twitch.tv/flexvega,https://www.tiktok.com/@flexvegaomg,
c001303,Furtjuh,21420,9C2GU20Y,Netherlands,NL,https://twitter.com/rutgervink,https://www.youtube.com/channel/UCFEI6mmSQgU7QyiTVpWXOLg,,https://www.tiktok.com/@rutgervink,
c001308,Gaules,18987,2RJUYQYRQ,Brazil,BR,https://twitter.com/Gaules,https://www.youtube.com/channel/UC5ZTRH1zclthyc6b_D3m2Pw,https://www.twitch.tv/gaules,,
c001310,GEJMR,21512,989J90U8,Czech Republic,CZ,https://twitter.com/GEJMRcz,https://www.youtube.com/channel/UCzEu378Iu4lhZI7tz76XGNA,,,
c001313,GiampyTek,18929,29CC98VV,Italy,IT,https://twitter.com/zGiampyTek,https://www.youtube.com/channel/UCDz3CjAc51W-YtsxYtSPZXg,https://www.twitch.tv/giampytekofficial,https://www.tiktok.com/@therealgiampytek,
c001315,Goncho,20962,2RVV8QY2Q,Argentina,AR,https://twitter.com/gonchobanzas,https://www.youtube.com/channel/UCaC1Fn7laGucT1y6Y-1C5yA,https://www.twitch.tv/goncho,https://www.tiktok.com/@goncho.banzas,
c001316,Gotaga,17359,CU89CJG0R,France,FR,https://twitter.com/Gotaga,https://www.youtube.com/channel/UCCFqUJYKT97UerMmb6DM0bw,https://www.twitch.tv/gotaga,https://www.tiktok.com/@gotaga,
c001321,Henry Tran,18985,CURYLVQGG,France,FR,https://twitter.com/superhenrytran,https://www.youtube.com/channel/UC3DVTbnJNVFbDq1gVLVFdvw,https://www.twitch.tv/superhenrytran,,
c001322,Hike,21423,90P89GVQJ,United States,US,https://twitter.com/HikeTheGamer,https://www.youtube.com/channel/UCqkMn9bYQlhgzEjbktzEQpQ,https://www.twitch.tv/hikethegamer,,
c001324,Hova,21404,8299GCUV2,United States,US,https://twitter.com/YellingMadman,https://www.youtube.com/channel/UCAFtKYX7eQ6obTteYpb5aIQ,https://www.twitch.tv/imjahova,https://www.tiktok.com/@hovatik,
c001325,Ibai,17217,C9GJLPVUP,Spain,ES,https://twitter.com/IbaiLlanos,https://www.youtube.com/channel/UCaY_-ksFSQtTGk0y1HA_3YQ,https://www.twitch.tv/ibai,https://www.tiktok.com/@ibaillanos,
c001326,IlloJuan,21072,UCYCRVY0Y,Spain,ES,https://twitter.com/illojuan,https://www.youtube.com/channel/UCKvoBRFqMNqvuSvFBiNadgw,https://www.twitch.tv/illojuan,https://www.tiktok.com/@illojuan,
c001327,Inoxtag,17355,82VCQ0VY,France,FR,https://twitter.com/Inoxtag,https://www.youtube.com/channel/UCL9aTJb0ur4sovxcppAopEw,https://www.twitch.tv/inoxtag,https://www.tiktok.com/@inoxtag,
c001328,iRaphahell,20998,2QPU99222,Romania,RO,https://twitter.com/iRaphahell,https://www.youtube.com/channel/UCtn4sFXvAW1il1MKDja11YA,https://www.twitch.tv/raffahell,https://www.tiktok.com/@iraphahell,
c001331,Jelly,20997,28CQ9VL92,United Kingdom,UK,https://twitter.com/JeIIy,https://www.youtube.com/channel/UC0DZmkupLYwc0yDsfocLh0A,https://www.twitch.tv/jellyyt,https://www.tiktok.com/@jelly,
c001332,Jelty,17098,JRJUP98P,Mexico,MX,https://twitter.com/JeltyTV,https://www.youtube.com/channel/UC2IytmaMOPhP_s_2rUqlHuw,https://www.twitch.tv/jelty,,
c001334,Jirka Král,18128,9PYRJRJY,Czech Republic,CZ,https://twitter.com/JirkaKral,https://www.youtube.com/channel/UCCAHP3LeWVBvrMnV-Lu4FOQ,https://www.twitch.tv/newia,,
c001336,JorgeIsaac115,17485,2Y00JRPRC,Ecuador,EC,https://twitter.com/JorgeIsaac115,https://www.youtube.com/channel/UCDp-aWLlOZUWwtG4c1maZKQ,https://www.twitch.tv/JorgeIsaac115,https://www.tiktok.com/@jorgeisaac115,
c001338,Joyca,18983,CVJJCRLUL,France,FR,https://twitter.com/JoycaOff,https://www.youtube.com/channel/UCow2IGnug1l3Xazkrc5jM_Q,https://www.twitch.tv/joyca,,
c001340,Juan S Guarnizo,17482,C2U2U0R2J,Colombia,CO,https://twitter.com/JuanSGuarnizo,https://www.youtube.com/channel/UCdvyCPDTkkfd4MwqD7ZkGgg,https://www.twitch.tv/juansguarnizo,https://www.tiktok.com/@juaniquilador,
c001341,Juanito Say,21421,889QCGL88,Argentina,AR,https://twitter.com/JuanitoSay,https://www.youtube.com/channel/UCuWeBHxVe6C69JTBpiY-Y8Q,https://www.twitch.tv/juanitosay,,
c001343,Jvnq,21414,YV8JPLL2J,Brazil,BR,https://twitter.com/Jvnq,https://www.youtube.com/channel/UCZDVr0SsuSUYiq9hAOfoIfw,https://www.twitch.tv/jvnq,,
c001344,Kameto,5481,CVC989CC2,France,FR,https://twitter.com/Kammeto,https://www.youtube.com/channel/UC-bQgl7oy_rEk05rNWYXafA,https://www.twitch.tv/kamet0,https://www.tiktok.com/@kametotv,
c001347,Kiko Rivera,21422,9VLJ089RU,Spain,ES,https://twitter.com/riverakiko,https://www.youtube.com/channel/UC_t0lbcvbiCZQCEK7ud3Gsg,https://www.twitch.tv/kikorivera,,
c001349,KManuS88,1779,LJVC88JU,Argentina,AR,https://twitter.com/KmanuS88,https://www.youtube.com/channel/UC0Ym7ckYtSsgcbZX1VvYMQQ,https://www.twitch.tv/kmanu88,https://www.tiktok.com/@kmanus88,https://www.instagram.com/kmanus88/
c001352,Komanche,17486,CCQGQVJGL,El Salvador,SV,https://twitter.com/Komanch,https://www.youtube.com/channel/UCGiBtrfxFhhSYL4nPBGCNaA,https://www.twitch.tv/komanche,https://www.tiktok.com/@komanchee,
c001356,Late,20987,J8GVGP0LP,United States,US,https://twitter.com/late_cod,https://www.youtube.com/channel/UC73AugPHBoFmdt3Dwz50iZw,https://www.twitch.tv/latesitoo,https://www.tiktok.com/@latesitoo,
c001357,LauGamer,20958,LRPL0QRQ,Colombia,CO,https://twitter.com/LauGamerCO,https://www.youtube.com/channel/UCcleuHC-QFGh2lDW2LDSA3g,https://www.twitch.tv/laugamerco,https://www.tiktok.com/@laugamerco,
c001361,LlegaVideos,21399,2JVCP2L0,Spain,ES,https://twitter.com/LlegaVideos,https://www.youtube.com/channel/UCjCEchPY-JT1INsZ_v-f-mA,,,
c001362,Llobe,18986,Q989VCCPG,Spain,ES,https://twitter.com/llobeti4,https://www.youtube.com/channel/UC8tjND0LE7QwVbFs_X8Hy5w,https://www.twitch.tv/llobeti4,,
c001363,Locochon,17479,PVGPGRCVG,Peru,PE,https://twitter.com/locochoncin,https://www.youtube.com/channel/UC7xwxKzx_5BtRxFJr-M_GWg,https://www.twitch.tv/lLocochon,https://www.tiktok.com/@llocochonn,
c001365,Lord Enzel,21508,2LJY2U9PG,Turkey,TR,,https://www.youtube.com/channel/UC4AMe7Hws1keJLAIKLKAkmg,,,https://www.instagram.com/clickbaittanrisi/
c001366,Lu Bu,866,PJCUC2R0,India,IN,https://twitter.com/LonewolfMrin,https://www.youtube.com/channel/UCOjgTuou4IgCyupXtFhB0eQ,,,
c001367,Lucas Cordeiro,21437,2UPLJGPR8,Canada,CA,https://twitter.com/lucasdscordeiro,https://www.youtube.com/channel/UCRrqdOG8U12WecJpW2orGrA,,,
c001368,Lunaria,20986,CCQJL9PGL,Chile,CL,https://twitter.com/LunariaAyaren,https://www.youtube.com/channel/UCeYJM8wsI4oGzc5veQDbVwg,https://www.twitch.tv/Lunaria,https://www.tiktok.com/@lunariaayaren,
c001370,Machika,18899,900VGQC2,Mexico,MX,https://twitter.com/MachikaYT,https://www.youtube.com/channel/UCuKP9Gq9YqHamBvyprfrKkw,https://www.twitch.tv/machika,https://www.tiktok.com/@machikayt,
c001371,Mago,21425,2UU28RVU,Spain,ES,https://twitter.com/magoangelESP,https://www.youtube.com/channel/UC0pTYXmMvlVEYk6GeHOW6xw,https://www.twitch.tv/magoangelESP,,
c001374,MarcianoTech,21435,GJG8L8U9,United States,US,https://twitter.com/MARCIANOPHONE,https://www.youtube.com/channel/UCCGiOPUPTlQupYmDMpUxB4A,,,
c001375,MaxwhisGamer,18126,QRLGJUGUG,Mexico,MX,https://twitter.com/MaxWhis,https://www.youtube.com/channel/UCbf6U2qiz-vODkjeSidO4gw,https://www.twitch.tv/maxwhis,https://www.tiktok.com/@maxwhisgamer,
c001376,Mayichi,17483,JQ9LLQRL8,Spain,ES,https://twitter.com/Mayichii,https://www.youtube.com/channel/UCbj2fqhdwB66kORY_x2kFFQ,https://www.twitch.tv/mayichi,https://www.tiktok.com/@mayichiii,
c001377,Michou,17357,2P0GGRLU,France,FR,https://twitter.com/Michoucroute_,https://www.youtube.com/channel/UCo3i0nUzZjjLuM7VjAVz4zA,https://www.twitch.tv/michou_twitch,,
c001378,Mickalow,18984,8LCULUV0,France,FR,https://twitter.com/Mickalow,https://www.youtube.com/channel/UCCqMS4fwmaM-yStTmQe2nfg,https://www.twitch.tv/mickalow,,
c001379,MikeShowSha,18938,82CQRU2L,Italy,IT,https://twitter.com/MikeShowSha,https://www.youtube.com/channel/UCfZFwPGOpbWk0z0Fk7tU6yA,https://www.twitch.tv/mikeshowsha,,
c001380,Miss Andie,21382,2R2JPCJU,Spain,ES,https://twitter.com/missandieftw,https://www.youtube.com/channel/UCcUM3k18KP-r9yKSjgS8iDA,https://www.twitch.tv/missandieftw_,https://www.tiktok.com/@missandieftw,
c001382,Moyorz87,21406,LJ22CGV2,Spain,ES,https://twitter.com/Moyorz87,https://www.youtube.com/channel/UC22xCwckTpFuWQ1yzA1t1xQ,https://www.twitch.tv/moyorz87,https://www.tiktok.com/@moyorz87,
c001383,MrStiven Tc,18900,J8LYR2Y0Y,Colombia,CO,,https://www.youtube.com/channel/UCwq-AEFGSdkSTeqcnBsgSlQ,https://www.twitch.tv/mrstiventc,,
c001385,Natsuki Sel,21400,YU92C9CJ,Spain,ES,https://twitter.com/NatsukiSel,https://www.youtube.com/channel/UCRiGedxHE3T88lTJpN7yQhQ,https://www.twitch.tv/natsukisel,https://www.tiktok.com/@natsuki_sel,
c001388,NeverSayYes,18976,J8Y89L0RR,France,FR,https://twitter.com/NeverSayYespog,https://www.youtube.com/channel/UCTGNHAopB98ynrEUBTHSAGw,https://www.twitch.tv/neversayyestwitch,,
c001390,Nicovald,20991,YJ09UU9,Canada,CA,https://twitter.com/nicovald,https://www.youtube.com/channel/UCLvY3sOzYysvv5TCUsPxcIg,https://www.twitch.tv/nicovald,https://www.tiktok.com/@nicovald,
c001391,Nikof,17206,C2QL0RCV2,France,FR,https://twitter.com/Nikof,https://www.youtube.com/channel/UCvy0lGHrAq3x4FukefHoJFQ,https://www.twitch.tv/nikof,,
c001393,Nogla,18989,UPVCRQQLL,United States,US,https://twitter.com/DaithiDeNogla,https://www.youtube.com/channel/UCvPW1W4WlpTgNezZzwIstLA,https://www.twitch.tv/nogla,https://www.tiktok.com/@daithidetiktok,
c001399,P0me,20989,V2L8CV0QC,Argentina,AR,https://twitter.com/p0melaus,https://www.youtube.com/channel/UC_sTNLbMJqIQ8p9tSZ4RAkQ,https://www.twitch.tv/p0me,https://www.tiktok.com/@p0me,
c001402,Peereira7,18972,Y29QCYGU,Spain,ES,https://twitter.com/Peereira7,https://www.youtube.com/channel/UCOBtOqxsioUI-fFykO2I4BQ,https://www.twitch.tv/peereira7,,
c001404,PokeR,21387,PJRUPV8C,Spain,ES,https://twitter.com/PokeR988HD,https://www.youtube.com/channel/UCXJkLU1wZVqZjjVe1MuRj-A,https://www.twitch.tv/poker988hd,https://www.tiktok.com/@poker988tv,https://www.instagram.com/poker_official/
c001409,RebeuDeter,17361,J2PJC0CV9,France,FR,https://twitter.com/RebeuDeter,https://www.youtube.com/channel/UCWDyxFXoK_nPWfaw6f_sspw,https://www.twitch.tv/rebeudeter,https://www.tiktok.com/@rebeudeter,
c001411,Rivers,20947,UQYCQ8LL8,Mexico,MX,https://twitter.com/samyriveratv,https://www.youtube.com/channel/UCW3bX8K5LuQHw8cKc3U8iUg,https://www.twitch.tv/rivers_gg,https://www.tiktok.com/@rivers.gg,
c001413,Robleis,17077,LVJ8J89G,Argentina,AR,https://twitter.com/Robleis01,https://www.youtube.com/channel/UCG8eSYvOQUpb9HM8zU5d6xg,https://www.twitch.tv/robleis,https://www.tiktok.com/@robleisiutu,
c001414,Rociodta,20949,JG08UCPJU,Mexico,MX,https://twitter.com/rociodta,https://www.youtube.com/channel/UCLZnW5uA7lMGogr1zI09c8A,https://www.twitch.tv/rociodta,https://www.tiktok.com/@rociodta,
c001417,Rubinho,21385,YJCLR0C2,Spain,ES,https://twitter.com/RubinhoDeejay,https://www.youtube.com/channel/UCGjETdt4PobqegtvuWRid5A,https://www.twitch.tv/rubinhoytb,,
c001418,Rubius,21052,JJG82GUJ,Spain,ES,https://twitter.com/Rubiu5,https://www.youtube.com/channel/UCXazgXDIYyWH-yXLAkcrFxw,https://www.twitch.tv/rubius,https://www.tiktok.com/@rubius,
c001420,Rushlai,18947,2PCVQCVJC,Argentina,AR,https://twitter.com/rushlaiyt,https://www.youtube.com/channel/UCIMMA493ctb3oJAGsblaziA,https://www.twitch.tv/rushlaigg,,https://www.instagram.com/rushlai.gg/
c001428,Seinhor9,21356,YQLG9V00,France,FR,https://twitter.com/Seinhor9YTB,https://www.youtube.com/channel/UC3sLHXON7yCP66CN5--2m1g,https://www.twitch.tv/seinhor9,https://www.tiktok.com/@seinhor9ytb,
c001429,Shariin,21408,8PYP89UG,Brazil,BR,https://twitter.com/shariin_h,https://www.youtube.com/channel/UC5J5QsKmeOLSdeiRVESPtSA,https://www.twitch.tv/shariin3d,https://www.tiktok.com/@shariin,
c001433,Sigils,20992,9RRPJY9P,United States,US,https://twitter.com/sigils,https://www.youtube.com/channel/UC8opYphJsG9nFLMIUoAtEVA,https://www.twitch.tv/sigils,https://www.tiktok.com/@sigils,
c001434,Sinapsis,21394,YJLQGCP0,Spain,ES,https://twitter.com/TehSinapsis,https://www.youtube.com/channel/UC8KI7y5KeFJa6vLJrAShTfg,https://www.twitch.tv/sinapsisyt,https://www.tiktok.com/@tehsinapsis,
c001436,Spreen,18981,CCRCQ0RGJ,Argentina,AR,https://twitter.com/SpreenDMC,https://www.youtube.com/channel/UCgTOIiEgjm58xLjHvDjmgdA,https://www.twitch.tv/elspreen,https://www.tiktok.com/@spreenbro,
c001437,SSundee,20990,9VR0VQV8,United States,US,https://twitter.com/SSundee,https://www.youtube.com/channel/UCke6I9N4KfC968-yRcd5YRg,https://www.twitch.tv/ssundeegames,https://www.tiktok.com/@ssundee,
c001439,Staryuuki,18979,GUJPRCPGJ,Cuba,CU,https://twitter.com/staryuukiii,https://www.youtube.com/channel/UCGaTHmQXJhpvknhpVE2nGbA,https://www.twitch.tv/staryuuki,https://www.tiktok.com/@staryuukiii,
c001441,Synergy,18904,9YGJJC82,United States,US,https://twitter.com/SynergyClash,https://www.youtube.com/channel/UC_o7ssvRg2cpnkvqQGPGMSg,,,
c001443,Taspio,18977,Q9VV8LRV8,Brazil,BR,https://twitter.com/taspiio,https://www.youtube.com/channel/UCUp6wodtd6vPPj1ZmFfVoIQ,https://www.twitch.tv/taspio,https://www.tiktok.com/@txspio,
c001447,TheDonato,17072,R02GVLURG,Argentina,AR,https://twitter.com/TheDonatoYoutub,https://www.youtube.com/channel/UCaHEdZtk6k7SVP-umnzifmQ,https://www.twitch.tv/thedonatoyoutube,https://www.tiktok.com/@thedonato,
c001448,TheExaL04,17102,PUYUC8RYQ,Spain,ES,https://twitter.com/TheExaL04,https://www.youtube.com/channel/UCSblay-r16Uf-N-MIJ6X3Gw,https://www.twitch.tv/theexal04,https://www.tiktok.com/@theexal04_official,
c001451,TheMike2311,21511,2C29G0,Mexico,MX,https://twitter.com/MikePMA_,https://www.youtube.com/channel/UC3_j0YnAQEHGP1Ak4vI8z5A,,,
c001452,Thinknoodles,20994,L2CCV9C,United States,US,https://twitter.com/thinknoodles,https://www.youtube.com/channel/UChd1FPXykD4pust3ljzq6hQ,https://www.twitch.tv/thinknoodles,https://www.tiktok.com/@thinknoodles,
c001453,Thug,21427,2VC2R8C0,India,IN,https://twitter.com/8bit_thug,https://www.youtube.com/channel/UCV01cEjT9EGakHXILA_uZOQ,https://www.twitch.tv/8bit_thug,,
c001456,Tobuscus,21381,2LCJULUYQ,United States,US,https://twitter.com/TobyTurner,https://www.youtube.com/channel/UCVJK2AT3ea5RTXNRjX_kz8A,https://www.twitch.tv/tobuscus,https://www.tiktok.com/@tobuscus,
c001459,Tumblurr,18975,C09V88PQ2,Italy,IT,https://twitter.com/sdrogoblur,https://www.youtube.com/channel/UCIvE0AhNMRKfk62GdsgZhoA,https://www.twitch.tv/tumblurr,,
c001461,Valouzz,17360,2C0LQ92P,France,FR,https://twitter.com/valouzz_,https://www.youtube.com/channel/UCNGq4mP3Ds5OUGjPo8IJOcw,https://www.twitch.tv/valouzz,,
c001463,Viruzz,18911,YYQVR,Spain,ES,https://twitter.com/byViruZz,https://www.youtube.com/channel/UCvGiJYBPgVP7W1ypE3DKOqA,https://www.twitch.tv/byviruzz,https://www.tiktok.com/@victormelidaestaenuso,
c001469,x2twins,18978,GG90C0RJ,Australia,AU,https://twitter.com/x2twins,https://www.youtube.com/channel/UCTgQTM6B97Tk5FPNOWZMB1Q,https://www.twitch.tv/x2twins,,
c001471,xMurry,18958,PR28VGYP,Italy,IT,,https://www.youtube.com/channel/UC6BUG6Odz2ubIFlKK7jgvew,,,
c001472,Xokas,20950,PJ0QYGGP,Spain,ES,https://twitter.com/elxokas,https://www.youtube.com/channel/UC9c4rND1mNP-XrWQjbFxp8g,https://www.twitch.tv/elxokas,https://www.tiktok.com/@elxokas,https://www.instagram.com/elxokas/
c001474,YBJ,21509,2YPCRGVU0,Turkey,TR,,https://www.youtube.com/channel/UCVini8irraF_lg5O8zKuAaw,,,
c001475,YoSoyPlex,11420,89GGJGGJ,Spain,ES,https://twitter.com/YoSoyPlex,https://www.youtube.com/channel/UCl8bYBm0XAP23mReE11IBOA,,,
c001478,Zein,20960,P9PRJYYUU,Peru,PE,https://twitter.com/ElZeeeein,https://www.youtube.com/channel/UCBQQzhsawAggJtS3VQkaVgw,https://www.twitch.tv/elzeein,https://www.tiktok.com/@elzeeein,
c001479,Zelika,18901,CU9PV02LU,Spain,ES,https://twitter.com/ZelikaFb,https://www.youtube.com/channel/UC2Ys7Yp9nHu2SrTPuAMLyvw,,https://www.tiktok.com/@zelikafb,
c001483,DDoty,349,Q80CCVGY,South Korea,KR,,https://www.youtube.com/channel/UChQ-VMvdGrYZxviQVMTJOHg,,,
c001491,Hiroyuki,18962,JCPYR8R,Japan,JP,https://twitter.com/hirox246,https://www.youtube.com/channel/UC0yQ2h4gQXmVUFWZSqlMVOA,,,
c001493,Brian,18963,8VPLLPP20,Japan,JP,https://twitter.com/brianjesse1,https://www.youtube.com/channel/UCu451KxefbOf2KPJd0M7iwA,,,
c001514,Amine,22090,V9GJJLQU0,France,FR,https://twitter.com/AmineMaTue,https://www.youtube.com/channel/UCNigJTVnMU8F3n08pYz0UYw,https://www.twitch.tv/aminematue,https://www.tiktok.com/@aminematue,
c001519,SHoNgxBoNg,22133,UYGPQVYR9,Saudi Arabia,SA,https://twitter.com/SHoNgxBoNgYT,https://www.youtube.com/channel/UC5hnxbraFmMPxv63U4hCwTQ,https://www.twitch.tv/shongxbong,,
c001520,Raed,22134,8YP2LQP9U,Saudi Arabia,SA,https://twitter.com/Raedxx11,https://www.youtube.com/channel/UCZsUgnNKodvrBXu4JosmM2w,https://www.twitch.tv/raed,https://www.tiktok.com/@raed1444,
c001528,Dozle,22258,8U2GU,Japan,JP,https://twitter.com/kurakurachannel,https://www.youtube.com/channel/UCj4PjeVMnNTHIR5EeoNKPAw,,https://www.tiktok.com/@dozle,https://www.instagram.com/dozlenicky/
c001554,Moose,22808,J8Q9LY8Q,United States,US,https://twitter.com/ItsMooseCraft,https://www.youtube.com/channel/UCV7lBBz6G20d87WoKFPjsPw,https://www.twitch.tv/moosecraft,https://www.tiktok.com/@moosecraftmc,
c001568,Mikecrack ,22977,RLLR8UU9,Spain,ES,https://twitter.com/mikecrackYT,https://www.youtube.com/channel/UCqJ5zFEED1hWs0KNQCQuYdQ,https://www.twitch.tv/mikecrackofficial,https://www.tiktok.com/@mikecracktok,https://www.instagram.com/mikecrackyt/
c001569,ElTrollino ,22978,JQLJG9R0,Spain,ES,https://twitter.com/ElTrollino,https://www.youtube.com/channel/UCI2FmVp--YL8d7iVFt8mmxg,https://www.twitch.tv/eltrollino,https://www.tiktok.com/@trollinoyt,https://www.instagram.com/eltrollinoyt/
c001570,Natan por Aí,22979,UQJV00V,Brazil,BR,https://twitter.com/natanporai,https://www.youtube.com/channel/UCjaxmdb_gTWbz9XF5rzvgGg,,https://www.tiktok.com/@natanporai,https://www.instagram.com/natanporai/
c001571,DanTDM,22980,2C88YP8CJ,United Kingdom,GB,https://twitter.com/dantdm,https://www.youtube.com/channel/UCS5Oz6CHmeoF7vSad0qqXfw,https://www.twitch.tv/dantdm,https://www.tiktok.com/@dantdm,https://www.instagram.com/dantdm/
c001572,AuthenticGames,22981,9CJ0PP9G,Brazil,BR,https://twitter.com/AuthenticGames,https://www.youtube.com/channel/UCIPA6iWNaoetaa1T46RkzXw,https://www.twitch.tv/authenticgames,https://www.tiktok.com/@authenticgames,https://www.instagram.com/authenticgames/
c001573,Ali-A,22982,89JPRP08Q,United Kingdom,GB,https://twitter.com/OMGitsAliA,https://www.youtube.com/channel/UCyeVfsThIHM_mEZq7YXIQSQ,https://www.twitch.tv/alia,https://www.tiktok.com/@AliA,https://www.instagram.com/alia/
c001574,IShowSpeed,22983,CCVL9RPLV,United States,US,https://twitter.com/ishowspeedsui,https://www.youtube.com/channel/UCWsDFcIhY2DBi3GB5uykGXA,https://www.twitch.tv/ishowspeed_____,https://www.tiktok.com/@ishowspeed,https://www.instagram.com/ishowspeed/
c001575,Pac,22984,8Q08V9QRJ,Brazil,BR,https://twitter.com/peqitw,https://www.youtube.com/channel/UCjBO43ykxlSs3j7F7EXcBUQ,https://www.twitch.tv/tazercraft,https://www.tiktok.com/@canaltazercraft,https://www.instagram.com/peqitw/
c001576,Mike,22985,8LCYQ2J2Q,Brazil,BR,https://twitter.com/mikelink1,https://www.youtube.com/channel/UCjBO43ykxlSs3j7F7EXcBUQ,https://www.twitch.tv/tazercraft,https://www.tiktok.com/@canaltazercraft,https://www.instagram.com/linnykermike/
c001579,Yair17,22988,QJRGG000,Mexico,MX,https://twitter.com/Yair17YT,https://www.youtube.com/channel/UCXH1p4gixwXwrUGSx-WvLNQ,,,https://www.instagram.com/yair17yt/
c001580,DaniRep,22989,22GQ8JLC9,Spain,ES,https://twitter.com/DaniRep,https://www.youtube.com/channel/UCHIwQiZhIn6fm5b_IilqBbQ,https://www.twitch.tv/thedanirep,,https://www.instagram.com/danireprep/
c001613,VCR,23004,GRGGL88YR,Poland,PL,https://twitter.com/vcerek,https://www.youtube.com/channel/UCHH-Hgvg9v39p8QU4jMen8A,,https://www.tiktok.com/@ten_vcr,https://www.instagram.com/vcr_yt/
c001774,CouRage,23226,U2Y989PYP,United States,US,https://twitter.com/CouRageJD,https://www.youtube.com/channel/UCrgTEmBuoObZiEXvZ6r3PQg,https://www.twitch.tv/couragejd,https://www.tiktok.com/@couragejd,https://www.instagram.com/CouRageJD/
c001775,Fuslie,23227,V8R9LQGVG,United States,US,https://twitter.com/fuslie,https://www.youtube.com/channel/UCujyjxsq5FZNVnQro51zKSQ,https://www.twitch.tv/fuslie,https://www.tiktok.com/@fuslie,https://www.instagram.com/fuslie/
c001883,Mishura,25805,GQP02R8U,Russia,RU,,https://www.youtube.com/channel/UCdywh24ZS3XKfXZsjJS7b-Q,https://www.twitch.tv/mishura,https://www.tiktok.com/@mishura_bs,
c002079,Anna Cramling,23435,U8YLR8VJU,Spain,ES,https://twitter.com/annacramling,https://www.youtube.com/channel/UCOVfq3NNYjlYCz1iou69FwQ,https://www.twitch.tv/annacramling,https://www.tiktok.com/@annacramling,https://www.instagram.com/annacramling/
c002080,BlitzStream,23436,8P0RQ0G0,France,FR,https://twitter.com/blitz_stream,https://www.youtube.com/channel/UCcXH6W9ey_h8LEx2lFxp5fg,https://www.twitch.tv/blitzstream,https://www.tiktok.com/@blitzstream,https://www.instagram.com/blitzstream_officiel/
c002081,Alexandra Botez,23440,U8YRLPRVV,United States,US,https://twitter.com/alexandrabotez,https://www.youtube.com/channel/UCAn8NrZ-J4CRfwodajqFYoQ,https://www.twitch.tv/botezlive,https://www.tiktok.com/@alexandrabotez,https://www.instagram.com/missbotez/
c002082,GothamChess,23433,V2CP8PU9Q,United States,US,https://twitter.com/GothamChess,https://www.youtube.com/channel/UCQHX6ViZmPsWiYSFAyS0a3Q,https://www.twitch.tv/gothamchess,https://www.tiktok.com/@levyrozman,https://www.instagram.com/gothamchess
c002084,Rey Enigma,23439,U8YRG0PL9,Spain,ES,https://twitter.com/rey_enigma,https://www.youtube.com/channel/UCyXPeJgcUAnyvqHhXClVu5g,https://www.twitch.tv/reyenigma,https://www.tiktok.com/@rey.enigma,https://www.instagram.com/rey.enigma/
c002086,Wirtual,23434,U8YR2LGQY,Norway,NO,https://twitter.com/Wirtual,https://www.youtube.com/channel/UCt-HTfaCUz8QIoknqyXKYiw,https://www.twitch.tv/Wirtual,https://www.tiktok.com/@tmwirtual,https://www.instagram.com/wirtualtm/
c002087,Sapnap,23441,VJ2Y2YJPY,United States,US,https://twitter.com/sapnap,https://www.youtube.com/channel/UCqynl7rdtktKMQESdSBmE-g,https://www.twitch.tv/sapnap,https://www.tiktok.com/@sapnapvids,https://www.instagram.com/sapnapinsta/
c002088,xRohat,23236,GGJ209J02,Germany,DE,https://twitter.com/Rohatt_,https://www.youtube.com/channel/UCrKradtnl9SpZM3fJzjCTKA,https://www.twitch.tv/xrohat,https://www.tiktok.com/@xrohattwitch,https://www.instagram.com/rohatce/
c002111,Hyphonix,418,2VVQJVLC,United States,US,https://twitter.com/RealHyphonixYT,https://www.youtube.com/channel/UCaFpm67qMk1W1wJkFhGXucA,https://www.twitch.tv/hyphonix,https://www.tiktok.com/@hyphonix_yt,https://www.instagram.com/official_hyphonix/
c002179,MaTT,11775,YUV9Y9,Spain,ES,https://twitter.com/MattsinLife,https://www.youtube.com/channel/UCtjjz0EWrX36WA4rBHy7Low,https://www.twitch.tv/mattsinlife,,https://www.instagram.com/mattsinlife/
c002191,iFerg,13504,88P220Y,United Kingdom,GB,https://twitter.com/Ferg,https://www.youtube.com/channel/UCVYe9OwcrGrlRmlX8cSWgvg,https://www.twitch.tv/ferg,https://www.tiktok.com/@ferg,https://www.instagram.com/ifergyt/
c002231,Carrera,20961,20LJYCCJ0G,Argentina,AR,https://twitter.com/rodricarreraaa,https://www.youtube.com/channel/UC6ET4qAF3a_yl_zAduAZ93Q,https://www.twitch.tv/carreraaa,https://www.tiktok.com/@carreproroblox74,https://www.instagram.com/rodricarreraaa/
c002250,Jay Wheeler,23275,JVJ8GUG0G,Puerto Rico,PR,https://twitter.com/jaywheelerpr,https://www.youtube.com/channel/UC7fi3WLjvsa5U4LYLn1B56Q,https://www.twitch.tv/jaywheelerpr,https://www.tiktok.com/@jaywheeler,https://www.instagram.com/jaywheelerpr/
c002441,Chessbrah ,23438,U9RQQ2Y9J,Canada,CA,https://twitter.com/chessbrahTV,https://www.youtube.com/channel/UCvXxdkt1d8Uu08NAQP2IUTw,https://www.twitch.tv/chessbrah,https://www.tiktok.com/@chessbrah,https://www.instagram.com/chessbrahtv/
c003069,JL Tomy,24237,9Y2YGR02P,France,FR,https://twitter.com/JLTomy,https://www.youtube.com/channel/UCdrGSTF5pSCZKXzhov3Wx9A,https://www.twitch.tv/jltomy,https://www.tiktok.com/@jltomy,https://www.instagram.com/jltomy/
c003517,ohnePixel,25808,2GL9LQC8C,Germany,DE,https://twitter.com/ohnePixel,https://www.youtube.com/channel/UC3ti8PjJczdDKHSwk7TESkw,https://www.twitch.tv/ohnepixel,https://www.tiktok.com/@ohnepixel,https://www.instagram.com/ohnepixel/
c003518,T2x2,25809,20LGG0Y828,Russia,RU,,https://www.youtube.com/channel/UC5AvrWA9E3DvFyy4qjuXtNA,https://www.twitch.tv/t2x2,,
c003519,Tolunay Ören,25810,URVV8QL9V,Turkey,TR,https://twitter.com/gutitoli,https://www.youtube.com/channel/UCssA44vdQ0dNEMHrpa8iC9Q,,https://www.tiktok.com/@tolunay.oren,
c003521,Derzko69,25811,UU9LP22Y8,Russia,RU,,https://www.youtube.com/channel/UCvaQX18CoymSuVfgtk-S9fQ,https://www.twitch.tv/derzko69,,https://www.instagram.com/69derzko69/
c003524,RRaenee,25806,9GR828PC,Turkey,TR,https://twitter.com/rraenee,https://www.youtube.com/channel/UCe7YQBoHBSAOwUiMQFrdq8Q,https://www.twitch.tv/rraenee,,https://www.instagram.com/rraenee/
c003525,Mundane Mike,25807,208Q28UUCU,United States,US,https://twitter.com/_mundanemike,https://www.youtube.com/channel/UCQlWQC_2HjuwfS2w7QLutCA,https://www.twitch.tv/itsmundanemike,https://www.tiktok.com/@mundane_mike,
c003619,s1mple,25869,9RCUQGVP,Ukraine,UA,https://twitter.com/s1mpleO,https://www.youtube.com/channel/UCWrZWoNJaF-pkkLWmg3Uzjg,https://www.twitch.tv/s1mple,https://www.tiktok.com/@s1mple.akka,https://www.instagram.com/s1mpleo/
c003622,b1t,25872,YYQ8G9VQU,Ukraine,UA,https://twitter.com/b1tcs,,https://www.twitch.tv/b1tcs,,https://www.instagram.com/b1tcsgo/
c003623,headtr1ck,25873,82Q8U280,Ukraine,UA,https://twitter.com/headtr1ckcs,,https://www.twitch.tv/headtr1ckk,,https://www.instagram.com/headtr1ckcs/
c003634,Ray,26235,CVRL82VL0,Taiwan,TW,https://twitter.com/rayasianboy,https://www.youtube.com/channel/UCLHkMOoQseOPi3HptU3dq5g,https://www.twitch.tv/rayasianboy,https://www.tiktok.com/@young11ray,https://www.instagram.com/rayasianboy_/
c003638,zEkO,26238,V8YLU8JV2,Argentina,AR,https://twitter.com/fedecristalino,https://www.youtube.com/channel/UCM-Bd2jSrOAMdZdPhxSN06g,https://www.twitch.tv/zeko,https://www.tiktok.com/@federicocristalino,https://www.instagram.com/federicocristalino/
c003639,Ronaldo,26239,Q0YVRPJLR,United States,US,https://twitter.com/StableRonaldo,https://www.youtube.com/channel/UCav7eOwYM9Bwxlgnts0y74Q,https://www.twitch.tv/stableronaldo,,https://www.instagram.com/stableronaldo/
c003640,Bananirou,26240,20PR2YUV9P,Argentina,AR,https://twitter.com/bananirouxd,https://www.youtube.com/channel/UCzzsHtfh30tPGdP3_2UyX9w,https://www.twitch.tv/bananirou,,https://www.instagram.com/bananirou/
c003641,Brunenger,26241,LG0CGL0Q,Argentina,AR,https://twitter.com/brunenger,https://www.youtube.com/channel/UC1bDKSuVPnzZXfPqv9xzxrg,https://www.twitch.tv/brunenger,https://www.tiktok.com/@brunengerx,https://www.instagram.com/brunenger/
c003644,Chefstrobel,26244,P8PVRQLC,Germany,DE,https://twitter.com/Chefstrobel,https://www.youtube.com/channel/UCSG3tkLAh39VwfswvJPGFsg,https://www.twitch.tv/chefstrobel,https://www.tiktok.com/@realchefstrobel,https://www.instagram.com/chefstrobel/
c003645,VladRagovsky,26245,2QU820UJ0,Russia,RU,,https://www.youtube.com/channel/UCaiq150nnS8jFEbnbxqTucA,https://www.twitch.tv/vladragovsky,https://www.tiktok.com/@vladragovsky,https://www.instagram.com/vladragovsky/
c003650,MrSavage,26248,QR8PQJLGJ,Norway,NO,https://twitter.com/mrsavage,https://www.youtube.com/channel/UCmwRAiAX6NDvlboBfZKr9hQ,https://www.twitch.tv/mrsavage,https://www.tiktok.com/@mrsavage,https://www.instagram.com/mrsavage/
c003651,BanduraCartel,26249,2028LQ9909,Poland,PL,https://twitter.com/BanduraCartel,https://www.youtube.com/channel/UCAk2xvl-oxc3Ai-DQii_ChQ,https://www.twitch.tv/banduracartel,,https://www.instagram.com/bandura_cartel/
c003652,Serpias,26250,JGQCV80R8,Spain,ES,https://twitter.com/Serpias,https://www.youtube.com/channel/UCBJAtj0m_4e70INcJNz5INg,https://www.twitch.tv/serpias,https://www.tiktok.com/@serpiasmc,https://www.instagram.com/serpias/
c003654,Safiro,26252,UJP29V0J,Argentina,AR,https://twitter.com/SafiroVT,https://www.youtube.com/channel/UC-SmvATzTMHFH0s0LcLAcHg,https://www.twitch.tv/safiro01,https://www.tiktok.com/@safirovt,https://www.instagram.com/safiroVT_/
c003655,Aquino,26253,PC98R809Y,Peru,PE,https://twitter.com/AQUINOby_02,https://www.youtube.com/channel/UC7jtSuXXamDt0eKFfYfGLDQ,https://www.twitch.tv/aquino,https://www.tiktok.com/@aquino586,https://www.instagram.com/aquinoby2002_/
c003657,Churrox,26255,RQC29PY08,Mexico,MX,https://twitter.com/iChurrox,https://www.youtube.com/channel/UCdiyUMY3_U_G9SK4t87YWWg,https://www.twitch.tv/iChurrox,https://www.tiktok.com/@ichurroxpluss,https://www.instagram.com/iChurrox/
c003658,Lokonazo,26256,88YQJ2VU,Argentina,AR,https://twitter.com/lokonazo1,https://www.youtube.com/channel/UCl_lnqRE9LVTEKvsbvD5ZMg,https://www.twitch.tv/lokonazo1,https://www.tiktok.com/@lokonazoo,https://www.instagram.com/lokonazo1/
c003660,Soarinng ,26258,2GV0RQLU0,Mexico,MX,https://twitter.com/Soaringchuu,https://www.youtube.com/channel/UCfFf9qUJyXrGaigvO7KIPgQ/videos,https://www.twitch.tv/soarinng,https://www.tiktok.com/@soarinngtwitch,https://www.instagram.com/soarinngg/
c003662,Baulo,26260,QRCL2PQL9,Argentina,AR,https://twitter.com/bautiagnone,https://www.youtube.com/channel/UCHYqEGXE_7fm9NJRskf_StQ,https://www.twitch.tv/baulo,https://www.tiktok.com/@bautiagnone,https://www.instagram.com/bautiagnone/
c003665,Tano,26263,UVCRPGJL,Argentina,AR,https://twitter.com/Tanovich97,https://www.youtube.com/channel/UCMobwKPiUHGnyf9a7qbQbSQ,https://www.twitch.tv/tano,,https://www.instagram.com/ilmortoqueparla/
c003666,Diffrent,26264,V8GRUQ0QY,Uruguay,UY,https://twitter.com/diffrent_200,https://www.youtube.com/channel/UCmYqEJJ5s6q6xdBIdXO7o2w,https://www.twitch.tv/diffrent,https://www.tiktok.com/@dlffrent_,https://www.instagram.com/diffrent.200/
c003668,China SSJ,26266,2LJGVC8QG,Argentina,AR,https://twitter.com/chinassj,https://www.youtube.com/channel/UClaVNeXFdzEAW1PxIFw_8Jg,https://www.twitch.tv/chinassj,https://www.tiktok.com/@chinita_ssj,https://www.instagram.com/chinassj/
c003671,Xown,26272,QQVRL20YV,Argentina,AR,https://twitter.com/xownFN,,https://www.twitch.tv/xownz,,https://www.instagram.com/tadetimm/
c003677,4head,26279,VGRCJV8VL,United Kingdom,GB,https://twitter.com/4Forehead,https://www.youtube.com/channel/UCL6DMxLDVF2IEzPGd2DNunQ,https://www.twitch.tv/4head,https://www.tiktok.com/@4headclip,
c003678,Tiny Medrano,26280,GGVCJCG0,Argentina,AR,https://twitter.com/tinymedrano,https://www.youtube.com/channel/UCSOqApeYjDgCI1Znki2Hjng,https://www.twitch.tv/tinymedrano,https://www.tiktok.com/@tinymedranojr,https://www.instagram.com/Tinymedrano/
c003681,KNekro,26282,QRJCU2GY,Spain,ES,https://twitter.com/KNekro,https://www.youtube.com/channel/UClgbqWyHWNnUQSesyIBmtgA,https://www.twitch.tv/knekro,https://www.tiktok.com/@knekro_,https://www.instagram.com/knekro_/
c003684,ManuuXO,26285,QCRUPRQ8,Italy,IT,https://twitter.com/ManuuXO,https://www.youtube.com/channel/UCr2Df6bKOzdJeJIXcwW799Q,https://www.twitch.tv/manuuxo,https://www.tiktok.com/@manuuxo,https://www.instagram.com/manuuxo1/
c003685,ElAbrahaham,26286,U2LCQ000G,Mexico,MX,https://twitter.com/ElAbrahaham,https://www.youtube.com/channel/UColTsB6zogXWooPbeO67Wgw,https://www.twitch.tv/elabrahaham,https://www.tiktok.com/@elabrahaham,https://www.instagram.com/elabrahaham
c003686,B0rja,26287,9C90VJ9,Spain,ES,https://twitter.com/B0rjaCS,https://www.youtube.com/channel/UCUMRRxXoUeOtIJZlVd_3rWQ,https://www.twitch.tv/b0rja,https://www.tiktok.com/@b0rjacs,https://www.instagram.com/b0rjacs/
c003687,Nexxuz,26288,V8R8C9P92,Spain,ES,https://twitter.com/NexxuzHD,https://www.youtube.com/channel/UCggHFGmLDDStxyM-uy9DYnQ,https://www.twitch.tv/nexxuz,https://www.tiktok.com/@nexxuzofficial,https://www.instagram.com/nexxuzofficial/
c003688,NefariusAP,26289,Q8UV28CQ,Spain,ES,https://twitter.com/NefariusAP,https://www.youtube.com/channel/UCohrmiC6iUOaozu6LYU-Dig,https://www.twitch.tv/nefariusap,https://www.tiktok.com/@nefariusap,https://www.instagram.com/Nefariusap/
c003689,Kingleon,26290,9P8UQ2UVC,Peru,PE,https://twitter.com/Kingleon____19,https://www.youtube.com/channel/UC2XtHoTe1riolTrjEUsfj4Q,https://www.twitch.tv/kingleon_oficial,https://www.tiktok.com/@kingleon2.0,https://www.instagram.com/kingleon_bh/
c003690,LosPollosTV,26291,V0ULVJ0VJ,United States,US,https://twitter.com/LosPollosTV,https://www.youtube.com/channel/UCDPSsqvc2_CHvqn1L07o9bg,https://www.twitch.tv/LosPollosTV,https://www.tiktok.com/@lospollostt,https://www.instagram.com/lospollosig/
c003691,Neex,26292,VRYUQCRC9,Poland,PL,https://twitter.com/neextrela,https://www.youtube.com/channel/UC_7_9MgVkB-DFSugxJ_U0xw,https://www.twitch.tv/neexcsgo,https://www.tiktok.com/@neex.trela,https://www.instagram.com/neex.trela/
c003692,Luis Ormeño,26293,RPLRQL2Q,Peru,PE,https://twitter.com/luisormenoa27,https://www.youtube.com/channel/UCI0MM2VmooCllYFZOxdECyA,https://www.twitch.tv/luisormenoa27,https://www.tiktok.com/@luisormenoa27,https://www.instagram.com/luisormenoa27/
c003693,YZN,26294,LC9J9QC8,Saudi Arabia,SA,https://twitter.com/YZNSA_,https://www.youtube.com/channel/UCWzZqYPUlGH7jxUHtzsV7Yg,https://www.twitch.tv/yznsa,https://www.tiktok.com/@yznsa,https://www.instagram.com/yznsa_/
c003695,Chips,26296,CV8JP0LR9,United Kingdom,GB,,https://www.youtube.com/channel/UCcuiiByb-XwL50XvVWSfy4Q,https://www.twitch.tv/chips,https://www.tiktok.com/@chipsmustiii,https://www.instagram.com/chipsmusti/
c003698,Santutu,26299,P08GVYU0P,Argentina,AR,https://twitter.com/Santetitas,https://www.youtube.com/channel/UC7Pj4gGYAi8isjk1M4-OKbQ,https://www.twitch.tv/santutu,https://www.tiktok.com/@Santetas,https://www.instagram.com/santutuu/
c003699,Restt,26300,20L92R8ULL,Slovakia,SK,https://twitter.com/resttpowered,https://www.youtube.com/channel/UCu3wSnAkahhmBpo0w6yCzDg,https://www.twitch.tv/resttpowered,,https://www.instagram.com/resttpowered/
c003703,LetsHugo,26316,889GJ8UP,Germany,DE,https://twitter.com/LetsHugoYT,https://www.youtube.com/channel/UCGrEhW-D986zSjijnnhq5hg,https://www.twitch.tv/letshugotv,,https://www.instagram.com/letshugo/
c003704,Ampeter,26317,8GJ08YLYU,Spain,ES,https://twitter.com/ampeterby7,https://www.youtube.com/channel/UCnmlCrWnJZ-YdDFcVKOnjhA,https://www.twitch.tv/ampeterby7,https://www.tiktok.com/@ampeterby7,https://www.instagram.com/ampeter/
c003707,Dodoeu,26320,GVLGUYUJ,Czech Republic,CZ,https://twitter.com/Dodoeu,https://www.youtube.com/channel/UCUd_ZdE1xZnw3ZokDNVQRfA,https://www.twitch.tv/dodo,https://www.tiktok.com/@dodoeu,https://www.instagram.com/dodoeu_/
c003712,JasonTheWeen,26325,G2L9V08G,United States,US,https://twitter.com/jasontheween,https://www.youtube.com/channel/UCxoKaKMzulp6sfQGOhNJnzQ,https://www.twitch.tv/jasontheween,https://www.tiktok.com/@jasontheween,https://www.instagram.com/jasontheween/
c003714,Coker,26327,2082RVPG9V,Argentina,AR,https://twitter.com/c0ker_,https://www.youtube.com/channel/UCIE8ukN4SHMuWc3TtmT4suQ,https://www.twitch.tv/c0ker,https://www.tiktok.com/@c0ker2,https://www.instagram.com/c0ker_/
c003715,Juli,26331,2G9QUQQ90,Argentina,AR,https://twitter.com/JuliManzotti,https://www.youtube.com/channel/UCD2UpEZIgl7vJ8_nRvEV6tA,https://www.twitch.tv/julimanzotti,https://www.tiktok.com/@julimanzotti,https://www.instagram.com/julimanzotti/
c003719,MrBeast,26408,V2JL8CQLC,United States,US,https://twitter.com/MrBeast,https://www.youtube.com/channel/UCX6OQ3DkcsbYNE6H8uQQuVA,,https://www.tiktok.com/@mrbeast,https://www.instagram.com/MrBeast/
c003720,Zeling,26409,208RL8CPJ0,Spain,ES,https://twitter.com/ZeIing,https://www.youtube.com/channel/UCTfejVE5het7QO8WCY7yIQA,https://www.twitch.tv/zeling,https://www.tiktok.com/@zeliing,https://www.instagram.com/zeiing/
c003721,Peterbot,26410,Y2U9GR9CV,Hungary,HU,https://twitter.com/peterbotfn,https://www.youtube.com/channel/UC_RGYvZpoesD8yX-o677-xw,https://www.twitch.tv/peterbot,,
c003722,SoyPan,26411,282P8VJ0,Mexico,MX,https://twitter.com/SoyPan__,https://www.youtube.com/channel/UCRsDOOMejlLbG9BDzlHFQRA,https://www.twitch.tv/soypan,https://www.tiktok.com/@soypan_,https://www.instagram.com/soypan_/
c003723,HaiseT,26412,89UVJJ8L,Czech Republic,CZ,https://twitter.com/HaiseT,https://www.youtube.com/channel/UCqZd6B1pbUyaRJ6dZq_nqtg,https://www.twitch.tv/haiset,,https://www.instagram.com/haiset/
c003724,Nadeshot,26413,R9CC8V2U,United States,US,https://twitter.com/Nadeshot,https://www.youtube.com/channel/UCs3l6DsCu9ZOXkJkvskEsrQ,https://www.twitch.tv/nadeshot,https://www.tiktok.com/@nadeshot,
c003727,Rodrigo Quesada,26520,V920V9YQ,Spain,ES,https://twitter.com/Quesadacid,https://www.youtube.com/channel/UCcEmrJznBWliiWfkNyGx50g,https://www.twitch.tv/quesadacid,https://www.tiktok.com/@quesada_cid,https://www.instagram.com/quesadacid/
c003732,Sasavot,26585,20UQ08RQGC,Russia,RU,,,https://www.twitch.tv/sasavot,,
c003733,Stag,26586,20YGGUL80U,Brazil,BR,https://twitter.com/oestagiario,https://www.youtube.com/channel/UCVruJQDOaSltu7Z2ita64nQ,https://www.twitch.tv/oestagiario,https://www.tiktok.com/@allanstag,https://www.instagram.com/allanstag/
c003734,Dona,26587,20GVJ8QPJ,Brazil,BR,https://twitter.com/dona19__,https://www.youtube.com/channel/UCASxQcLR-tWvyz0mk999SfA,https://www.twitch.tv/dona,https://www.tiktok.com/@dona19__,https://www.instagram.com/dona19__/
c003735,Papaplatte,26588,VPCY80J2C,Germany,DE,https://twitter.com/papaplatte,https://www.youtube.com/channel/UCDmbhGe7-wC1a55l5ZYAZJw,https://www.twitch.tv/papaplatte,,https://www.instagram.com/papaplatte/
c003736,Brain,26589,299YVGC,Saudi Arabia,SA,https://twitter.com/owbrain1,https://www.youtube.com/channel/UCyAPPTL6hDzUoUOOShweHEA,https://www.twitch.tv/owbrain,https://www.tiktok.com/@owbrain,https://www.instagram.com/thbc/
c003737,EliasN97,26590,C00P0JVJ,Germany,DE,https://twitter.com/EliasN97,https://www.youtube.com/channel/UCW6SLCuRXuUFWbQH563D0Hw,https://www.twitch.tv/eliasn97,https://www.tiktok.com/@the_real_eligella,https://www.instagram.com/eliasn97/
c003738,Coringa,26591,8G9809LVU,Brazil,BR,https://twitter.com/loud_victor,https://www.youtube.com/channel/UCnYjd7cPNluC7Hi9AZrBNMw,https://www.twitch.tv/loud_coringa,https://www.tiktok.com/@loud_coringa,https://www.instagram.com/coringa/
c003746,Nobru,26583,8GQPPG8YV,Brazil,BR,https://twitter.com/nobru,https://www.youtube.com/channel/UCqWmLengIKFXRjuL1YyXNSg,,https://www.tiktok.com/@nobru,https://www.instagram.com/nobru/
c003747,Markola,26584,GVCUVLU,Brazil,BR,,https://www.youtube.com/channel/UCtjuBr6EbY9ppJ8eBtWstHw,,,https://www.instagram.com/1markola/
c003748,El Gato,26592,20PJQJ8RJ8,Brazil,BR,,https://www.youtube.com/channel/UCZF-E96KcMU1GQGaV-R7_-A,,https://www.tiktok.com/@elgato,https://www.instagram.com/rodrigofee2/
c003749,GordaoNS,26593,QQ0YLV0QG,Brazil,BR,https://twitter.com/gordao_ns,https://www.youtube.com/channel/UCeEF-ZOkgDFeoXFU6Lf-pMQ,https://www.twitch.tv/gordaons1,https://www.tiktok.com/@gordaons1,https://www.instagram.com/gordaons/
c003750,ZetFar,26609,88LQCQJ9,France,FR,https://twitter.com/ZetFarYT,https://www.youtube.com/channel/UCNMJiOohMtdGClWdc4LScBg,https://www.twitch.tv/zetfartv,https://www.tiktok.com/@zetfaryt,https://www.instagram.com/zetfaryt/